,country,year,gdp_per_capita ($),suicides/100k pop,suicides/100k pop,suicides_no,suicides_no
sex,,,,female,male,female,male
11,Albania,2000,1299,10.29,20.41,16,38
12,Albania,2001,1451,16.400000000000002,34.22,35,84
13,Albania,2002,1573,16.73,45.78,42,91
14,Albania,2003,2021,29.2,29.400000000000002,51,73
15,Albania,2004,2544,24.54,40.85,57,89
16,Albania,2005,2931,0.0,0.0,0,0
17,Albania,2006,3235,0.0,0.0,0,0
18,Albania,2007,3863,21.86,43.99,47,77
19,Albania,2008,4672,28.91,42.14,61,99
20,Albania,2009,4387,0.0,0.0,0,0
21,Albania,2010,4359,15.48,26.18,35,61
35,Antigua and Barbuda,2000,11021,0.0,39.97,0,2
36,Antigua and Barbuda,2001,10468,0.0,19.45,0,2
37,Antigua and Barbuda,2002,10499,0.0,0.0,0,0
38,Antigua and Barbuda,2003,10878,0.0,27.82,0,1
39,Antigua and Barbuda,2004,11535,0.0,36.06,0,2
40,Antigua and Barbuda,2005,12649,0.0,0.0,0,0
41,Antigua and Barbuda,2006,14114,0.0,0.0,0,0
42,Antigua and Barbuda,2007,15775,0.0,7.98,0,1
43,Antigua and Barbuda,2008,16238,0.0,0.0,0,0
44,Antigua and Barbuda,2009,14335,0.0,0.0,0,0
45,Antigua and Barbuda,2012,13657,0.0,0.0,0,0
46,Antigua and Barbuda,2013,13287,0.0,0.0,0,0
47,Antigua and Barbuda,2014,14093,0.0,0.0,0,0
48,Antigua and Barbuda,2015,14853,15.62,0.0,1,0
64,Argentina,2000,8462,20.07,111.32000000000001,550,2224
65,Argentina,2001,7900,24.46,119.1,676,2456
66,Argentina,2002,2840,25.32,114.10000000000001,703,2459
67,Argentina,2003,3668,24.740000000000002,121.55,684,2605
68,Argentina,2004,4683,22.5,108.56,654,2467
69,Argentina,2005,5590,23.24,104.94,664,2394
70,Argentina,2006,6475,19.64,108.58,612,2496
71,Argentina,2007,7918,19.07,99.28,600,2346
72,Argentina,2008,9843,19.21,98.89999999999999,611,2448
73,Argentina,2009,8961,17.81,89.51,584,2300
74,Argentina,2010,11273,17.4,93.84,566,2377
75,Argentina,2011,13946,17.54,88.33,583,2329
76,Argentina,2012,14203,18.77,101.05,628,2620
77,Argentina,2013,14206,17.32,86.1,589,2398
78,Argentina,2014,13400,19.48,91.87,687,2544
79,Argentina,2015,14981,17.259999999999998,94.87,604,2469
90,Armenia,2000,530,10.5,23.8,14,47
91,Armenia,2001,587,8.3,21.48,12,48
92,Armenia,2002,788,4.97,33.1,12,62
93,Armenia,2003,928,6.6,26.830000000000002,9,50
94,Armenia,2006,2310,7.930000000000001,35.74,17,61
95,Armenia,2007,3366,7.42,31.599999999999998,20,51
96,Armenia,2008,3829,5.62,29.53,19,44
97,Armenia,2009,3215,4.38,29.32,10,43
98,Armenia,2010,3460,8.74,31.67,19,54
99,Armenia,2011,3798,10.34,22.64,16,51
100,Armenia,2012,3773,8.7,27.87,20,59
101,Armenia,2013,3957,12.059999999999999,25.419999999999998,24,43
102,Armenia,2014,4142,9.44,27.57,15,43
103,Armenia,2015,3775,9.76,35.519999999999996,19,55
104,Armenia,2016,3788,5.87,34.69,14,53
107,Aruba,2000,22333,146.22,159.10999999999999,4,6
108,Aruba,2001,22317,0.0,27.28,0,4
109,Aruba,2002,21987,0.0,126.46000000000001,0,9
110,Aruba,2003,22345,0.0,12.93,0,2
111,Aruba,2004,24133,15.04,161.68,1,7
112,Aruba,2005,24870,52.22,47.36,5,5
113,Aruba,2006,25622,10.93,85.38,2,7
114,Aruba,2007,27672,11.17,81.02,1,7
115,Aruba,2008,29447,5.5,35.940000000000005,1,3
116,Aruba,2009,26361,0.0,42.230000000000004,0,4
117,Aruba,2010,25974,9.82,48.83,1,6
118,Aruba,2011,27066,25.450000000000003,67.97,2,7
134,Australia,2000,23219,31.34,126.48,505,1886
135,Australia,2001,20860,31.53,127.26,522,1936
136,Australia,2002,21474,30.1,114.58,506,1813
137,Australia,2003,25059,26.98,106.86,471,1685
138,Australia,2004,32454,26.43,107.33,442,1672
139,Australia,2006,39014,28.67,99.22,494,1623
140,Australia,2007,43171,28.73,101.52,530,1699
141,Australia,2008,52315,26.2,104.28999999999999,508,1833
142,Australia,2009,45128,29.52,100.6,552,1785
143,Australia,2010,54887,29.07,103.57000000000001,553,1867
144,Australia,2011,66770,30.64,102.58,580,1812
145,Australia,2012,72669,34.01,105.56,650,1930
146,Australia,2013,72856,33.08,105.7,664,1944
147,Australia,2014,66809,34.88,114.19,709,2182
148,Australia,2015,60656,35.94,118.24,735,2292
164,Austria,2000,25922,63.94,225.83,432,1156
165,Austria,2001,25848,60.0,201.91,408,1081
166,Austria,2002,27772,51.88,225.04,363,1190
167,Austria,2003,33889,55.62,201.44,388,1068
168,Austria,2004,38711,49.09,204.95,346,1076
169,Austria,2005,40367,49.84,185.41,350,1049
170,Austria,2006,42698,43.120000000000005,175.78,297,1000
171,Austria,2007,49218,45.48,171.82999999999998,317,968
172,Austria,2008,54294,41.98,174.47,304,963
173,Austria,2009,50356,41.69,171.53,306,972
174,Austria,2010,49181,39.71,167.84,294,970
175,Austria,2011,53923,41.92,169.57000000000002,313,975
176,Austria,2012,50979,39.839999999999996,166.79,289,987
177,Austria,2013,53229,43.49,168.63,324,967
178,Austria,2014,54278,44.12,165.70000000000002,324,990
179,Austria,2015,46484,39.14,155.48,290,961
180,Austria,2016,46976,37.6,145.63,295,906
191,Azerbaijan,2000,711,4.4799999999999995,9.93,16,46
192,Azerbaijan,2001,759,18.66,41.39,81,236
193,Azerbaijan,2002,820,3.82,15.6,19,73
194,Azerbaijan,2003,948,8.6,18.47,36,93
195,Azerbaijan,2004,1122,8.32,10.01,30,78
196,Azerbaijan,2007,4172,2.32,9.51,14,41
206,Bahamas,2000,29942,10.35,30.310000000000002,2,9
207,Bahamas,2001,30122,0.0,2.68,0,1
208,Bahamas,2002,31432,0.0,9.969999999999999,0,3
209,Bahamas,2003,30704,0.0,2.49,0,1
210,Bahamas,2004,30671,0.0,5.93,0,2
211,Bahamas,2005,32596,3.72,9.6,1,3
212,Bahamas,2006,32957,0.0,5.640000000000001,0,2
213,Bahamas,2007,33710,2.04,11.38,1,4
214,Bahamas,2008,32746,0.0,12.49,0,4
215,Bahamas,2009,30450,1.93,14.05,1,5
216,Bahamas,2010,30239,12.15,46.17,4,6
217,Bahamas,2011,29761,3.43,9.559999999999999,1,3
218,Bahamas,2012,31204,1.84,10.0,1,4
219,Bahamas,2013,30455,1.83,12.08,1,4
226,Bahrain,2000,15345,1.88,30.85,1,28
227,Bahrain,2001,14383,5.09,25.57,3,20
228,Bahrain,2002,14572,10.75,16.93,7,18
229,Bahrain,2003,15756,7.89,24.5,5,29
230,Bahrain,2004,17497,9.74,44.47,7,35
231,Bahrain,2005,19485,9.33,30.89,7,35
232,Bahrain,2006,20826,13.56,13.62,11,17
233,Bahrain,2007,22524,6.61,25.48,6,34
234,Bahrain,2008,25106,8.67,19.22,8,35
235,Bahrain,2009,20988,5.699999999999999,18.89,6,30
236,Bahrain,2010,22572,3.79,8.1,4,15
237,Bahrain,2011,26078,6.2700000000000005,8.69,6,12
238,Bahrain,2012,25587,0.9,7.78,1,18
239,Bahrain,2013,26793,0.0,2.49,0,5
240,Bahrain,2014,27503,0.9,5.62,1,8
252,Barbados,2000,12430,4.96,32.17,2,8
253,Barbados,2001,12348,0.0,8.65,0,2
254,Barbados,2002,12511,0.0,0.0,0,0
255,Barbados,2003,12887,0.0,0.0,0,0
256,Barbados,2004,13786,0.0,7.79,0,3
257,Barbados,2005,15230,0.0,2.58,0,1
258,Barbados,2006,16531,0.0,45.38,0,9
259,Barbados,2007,17528,0.0,0.0,0,0
260,Barbados,2008,17760,2.31,0.0,1,0
261,Barbados,2009,17007,0.0,28.8,0,5
262,Barbados,2010,17034,0.0,7.62,0,3
263,Barbados,2011,17708,0.0,0.0,0,0
264,Barbados,2012,17620,0.0,0.0,0,0
265,Barbados,2013,17395,0.0,0.0,0,0
276,Belarus,2000,1335,60.29,387.01,505,2978
277,Belarus,2001,1299,59.28,360.37,490,2813
278,Belarus,2002,1541,59.79,351.21,511,2780
279,Belarus,2003,1892,63.71,381.15,540,2916
280,Belarus,2007,4898,52.589999999999996,303.3,456,2203
281,Belarus,2008,6601,52.17,299.99,471,2187
282,Belarus,2009,5366,58.39,317.15000000000003,505,2238
283,Belarus,2010,6371,46.17,285.81,390,2069
284,Belarus,2011,6902,45.13,254.23,380,1792
285,Belarus,2013,8477,40.04,233.28,334,1568
286,Belarus,2014,8849,33.17,219.74,276,1465
302,Belgium,2000,24592,65.69,202.11,617,1526
303,Belgium,2001,24494,62.64,198.58,583,1582
304,Belgium,2002,26526,59.14,188.72,579,1497
305,Belgium,2003,32538,57.89,190.84,554,1537
306,Belgium,2004,37661,54.86,176.2,537,1450
307,Belgium,2005,39124,55.17,176.58,552,1477
308,Belgium,2006,41135,53.71,161.19,540,1395
309,Belgium,2007,47040,52.83,155.74,537,1320
310,Belgium,2008,51345,54.46,167.07999999999998,547,1452
311,Belgium,2009,47630,53.65,164.70000000000002,554,1459
312,Belgium,2010,47355,53.89,166.29,563,1450
313,Belgium,2011,50893,57.65,169.06,600,1488
314,Belgium,2012,47678,50.84,166.29,541,1485
315,Belgium,2013,49489,50.660000000000004,150.89,532,1363
316,Belgium,2014,50173,52.839999999999996,149.01,561,1338
317,Belgium,2015,42830,52.21,144.45000000000002,552,1315
330,Belize,2000,3960,18.3,142.5,4,14
331,Belize,2001,4013,8.83,142.87,2,17
332,Belize,2002,4161,19.939999999999998,49.68,5,9
333,Belize,2003,4289,16.43,42.57,4,8
334,Belize,2004,4449,13.14,104.24,1,19
335,Belize,2005,4547,3.51,42.59,1,11
336,Belize,2006,4815,6.15,31.77,2,9
337,Belize,2007,4951,6.8100000000000005,71.68,2,6
338,Belize,2008,5098,4.14,82.22,1,10
339,Belize,2009,4841,13.45,44.31,4,11
340,Belize,2010,4923,6.09,55.39,2,13
341,Belize,2011,5098,14.78,138.52,5,28
342,Belize,2012,5264,5.77,67.68,2,16
343,Belize,2013,5272,2.81,53.589999999999996,1,16
344,Belize,2014,5448,16.78,74.17,6,18
345,Belize,2015,5561,15.13,120.33,4,22
346,Bosnia and Herzegovina,2011,5076,0.0,1.31,0,5
347,Bosnia and Herzegovina,2014,5079,22.02,87.48,70,243
363,Brazil,2000,4156,11.43,56.8,1380,5383
364,Brazil,2001,3492,11.73,61.76,1557,6153
365,Brazil,2002,3121,13.24,56.53,1694,6003
366,Brazil,2003,3376,11.870000000000001,56.2,1605,6234
367,Brazil,2004,3984,12.18,58.04,1703,6292
368,Brazil,2005,5230,12.55,61.05,1804,6725
369,Brazil,2006,6403,11.959999999999999,57.94,1801,6817
370,Brazil,2007,7970,12.25,59.43,1871,6984
371,Brazil,2008,9555,12.33,59.88,1918,7266
372,Brazil,2009,9283,11.93,58.44,1873,7473
373,Brazil,2010,12161,13.379999999999999,59.35,2073,7356
374,Brazil,2011,14245,13.02,59.39,2088,7734
375,Brazil,2012,13283,13.870000000000001,60.580000000000005,2254,8041
376,Brazil,2013,13191,13.559999999999999,59.85,2223,8290
377,Brazil,2014,12975,13.24,59.89,2233,8398
378,Brazil,2015,9431,14.06,63.39,2397,8766
394,Bulgaria,2000,1680,66.89999999999999,192.32,382,1001
395,Bulgaria,2001,1854,63.88,180.74,363,951
396,Bulgaria,2002,2157,58.71,188.64,336,981
397,Bulgaria,2003,2800,49.11,158.54000000000002,292,800
398,Bulgaria,2004,3485,41.18,142.94,267,746
399,Bulgaria,2005,4003,43.65,134.41,255,727
400,Bulgaria,2006,4638,38.559999999999995,147.97,225,752
401,Bulgaria,2007,6073,40.1,133.67,239,663
402,Bulgaria,2008,7487,39.56,130.78,245,694
403,Bulgaria,2009,7186,33.73,120.69,206,662
404,Bulgaria,2010,7066,33.14,125.11,210,649
405,Bulgaria,2011,8137,25.98,107.54,158,605
406,Bulgaria,2012,7745,33.38,130.79,199,673
407,Bulgaria,2013,8057,24.93,109.23,148,573
408,Bulgaria,2014,8241,30.31,109.46,172,552
409,Cabo Verde,2011,4124,15.92,117.92,5,37
425,Canada,2000,25589,28.1,110.9,808,2798
426,Canada,2001,25165,28.73,108.7,823,2871
427,Canada,2002,25570,27.53,110.2,799,2851
428,Canada,2003,29787,28.91,108.36,862,2903
429,Canada,2004,33787,29.15,102.51,879,2734
430,Canada,2005,38218,30.23,103.61,886,2857
431,Canada,2006,42566,27.32,99.11,817,2695
432,Canada,2007,46890,29.14,98.31,884,2727
433,Canada,2008,49041,29.24,98.35000000000001,928,2777
434,Canada,2009,42933,28.76,101.91,901,2989
435,Canada,2010,49974,30.79,101.88,970,2981
436,Canada,2011,54841,30.33,94.69,947,2781
437,Canada,2012,55347,29.71,98.17,954,2972
438,Canada,2013,55310,31.91,101.17999999999999,1013,3041
454,Chile,2000,5584,16.87,132.31,207,1266
455,Chile,2001,5020,17.98,129.6,233,1392
456,Chile,2002,4866,20.32,128.96,246,1357
457,Chile,2003,5208,20.49,133.04999999999998,252,1402
458,Chile,2004,6744,20.55,135.14,263,1472
459,Chile,2005,8256,19.98,127.45,279,1403
460,Chile,2006,10270,20.72,134.34,297,1498
461,Chile,2007,11387,24.93,125.99000000000001,352,1496
462,Chile,2008,11653,29.35,138.53,414,1674
463,Chile,2009,11062,29.44,144.85999999999999,424,1724
464,Chile,2010,13874,25.759999999999998,137.12,383,1618
465,Chile,2011,15854,24.91,135.93,370,1657
466,Chile,2012,16617,21.67,126.74000000000001,331,1510
467,Chile,2013,17140,21.29,113.23,318,1420
468,Chile,2014,15883,19.96,117.41,314,1475
469,Chile,2015,14729,25.77,121.91,378,1460
485,Colombia,2000,2755,15.73,74.05,543,1815
486,Colombia,2001,2662,15.78,72.49,557,1855
487,Colombia,2002,2613,15.540000000000001,65.84,564,1815
488,Colombia,2003,2489,16.16,63.69,577,1692
489,Colombia,2004,3033,14.530000000000001,69.72,501,1743
490,Colombia,2005,3742,12.67,62.17,465,1637
491,Colombia,2006,4095,12.299999999999999,66.11,460,1717
492,Colombia,2007,5150,11.56,62.69,454,1727
493,Colombia,2008,5971,11.71,62.51,448,1772
494,Colombia,2009,5643,11.440000000000001,62.39,447,1802
495,Colombia,2010,6836,10.12,57.12,397,1710
496,Colombia,2011,7885,9.54,53.339999999999996,382,1662
497,Colombia,2012,8586,9.98,56.47,387,1732
498,Colombia,2013,8731,10.05,53.48,405,1663
499,Colombia,2014,8591,9.3,57.32,371,1755
500,Colombia,2015,6552,12.4,58.0,482,1850
516,Costa Rica,2000,4233,10.6,77.69,28,211
517,Costa Rica,2001,4412,9.35,66.67999999999999,28,170
518,Costa Rica,2002,4485,10.91,84.71,39,236
519,Costa Rica,2003,4583,14.28,101.6,53,262
520,Costa Rica,2004,4850,13.709999999999999,87.01,44,281
521,Costa Rica,2005,5133,10.07,68.66,41,231
522,Costa Rica,2006,5716,17.03,83.8,55,295
523,Costa Rica,2007,6661,11.29,64.06,44,226
524,Costa Rica,2008,7517,11.06,61.21,34,227
525,Costa Rica,2009,7403,10.38,66.99,42,236
526,Costa Rica,2010,8906,10.200000000000001,74.15,43,268
527,Costa Rica,2011,9978,13.94,75.89,53,263
528,Costa Rica,2012,10832,9.7,71.06,42,260
529,Costa Rica,2013,11443,9.93,79.33,39,272
530,Costa Rica,2014,11485,12.39,58.46,45,223
536,Croatia,2000,5288,71.89,250.85999999999999,234,692
537,Croatia,2001,5571,62.14,225.4,225,656
538,Croatia,2002,6373,67.74,236.38,230,644
539,Croatia,2003,8202,51.6,230.09,193,672
540,Croatia,2004,9829,60.35,241.89000000000001,226,645
541,Croatia,2005,10722,59.82,209.75,223,651
542,Croatia,2006,11914,57.81,190.41,223,573
543,Croatia,2007,14204,53.17,190.28,198,577
544,Croatia,2008,16680,49.53,216.16,184,609
545,Croatia,2009,14872,47.06,207.23000000000002,172,618
546,Croatia,2010,14232,50.269999999999996,191.7,192,584
547,Croatia,2011,14890,46.57,174.54,182,520
548,Croatia,2012,13952,47.46,191.55,180,596
549,Croatia,2013,14362,37.39,172.91,146,546
550,Croatia,2014,14299,48.260000000000005,173.78,186,536
551,Croatia,2015,12351,51.63,178.04999999999998,197,542
552,Croatia,2016,12905,41.870000000000005,171.69,168,515
561,Cuba,2000,2940,67.87,204.9,535,1310
562,Cuba,2001,3037,56.19,188.32,449,1203
563,Cuba,2002,3205,60.07,180.35,459,1147
564,Cuba,2003,3409,47.1,174.01999999999998,373,1126
565,Cuba,2004,3611,44.76,171.35999999999999,371,1144
566,Cuba,2005,4017,44.93,161.01,351,1046
567,Cuba,2006,4951,34.11,168.44,273,1103
568,Cuba,2007,5488,34.98,153.2,266,1041
569,Cuba,2008,5686,36.31,154.68,310,1067
570,Cuba,2009,5797,38.48,162.85,336,1141
571,Cuba,2010,5997,37.269999999999996,164.86,329,1229
572,Cuba,2011,6419,36.88,170.17000000000002,315,1214
573,Cuba,2012,6791,35.49,168.51,296,1199
574,Cuba,2013,7148,34.68,155.78,298,1201
575,Cuba,2014,7459,34.22,150.41,307,1146
576,Cuba,2015,8044,34.07,160.24,300,1211
578,Cyprus,2000,11635,0.0,8.36,0,7
579,Cyprus,2004,25227,2.81,6.359999999999999,2,5
580,Cyprus,2005,26671,7.140000000000001,17.6,5,12
581,Cyprus,2006,28600,8.87,18.77,7,12
582,Cyprus,2007,33048,5.68,30.49,4,15
583,Cyprus,2008,37267,11.95,47.120000000000005,10,31
584,Cyprus,2009,33816,10.35,45.18,7,25
585,Cyprus,2010,32477,9.27,49.61,8,30
586,Cyprus,2011,34249,7.55,36.23,5,25
587,Cyprus,2012,30752,2.13,40.769999999999996,2,34
588,Cyprus,2013,29624,4.34,60.27,5,40
589,Cyprus,2014,29024,17.16,39.94,13,31
590,Cyprus,2015,24718,10.48,39.11,9,31
591,Cyprus,2016,25098,5.06,42.089999999999996,5,31
602,Czech Republic,2000,6278,42.6,184.04,351,1298
603,Czech Republic,2001,6863,38.69,182.23,329,1294
604,Czech Republic,2002,8399,39.81,172.34,318,1216
605,Czech Republic,2003,10220,43.28,191.6,354,1365
606,Czech Republic,2004,12226,35.82,167.2,297,1286
607,Czech Republic,2005,13961,33.34,160.06,292,1273
608,Czech Republic,2006,15896,28.04,150.36,258,1142
609,Czech Republic,2007,19273,27.07,143.71,230,1149
610,Czech Republic,2008,23811,27.439999999999998,147.57,256,1123
611,Czech Republic,2009,20748,25.89,153.82,234,1230
612,Czech Republic,2010,20862,27.759999999999998,147.86,257,1245
613,Czech Republic,2011,23010,28.009999999999998,158.23,253,1337
614,Czech Republic,2012,20898,29.05,167.18,278,1380
615,Czech Republic,2013,21073,29.13,156.94,283,1294
616,Czech Republic,2014,20859,31.650000000000002,143.64000000000001,293,1196
617,Czech Republic,2015,18703,28.34,142.53,254,1133
618,Czech Republic,2016,19505,26.72,135.04,258,1060
625,Denmark,2000,32841,44.6,136.47,195,533
626,Denmark,2001,32837,49.63,136.54,220,507
627,Denmark,2002,35435,42.14,134.37,185,503
628,Denmark,2003,43129,34.160000000000004,122.53999999999999,153,480
629,Denmark,2004,49552,40.0,121.78,192,469
630,Denmark,2005,51960,39.2,125.03,174,457
631,Denmark,2006,55354,37.47,124.61,178,472
632,Denmark,2007,62229,38.6,101.36,180,401
633,Denmark,2008,68447,37.34,105.71,185,418
634,Denmark,2009,61863,32.89,111.81,145,477
635,Denmark,2010,61711,31.200000000000003,98.82000000000001,158,405
636,Denmark,2011,65598,31.47,94.86,152,437
637,Denmark,2012,62071,31.98,111.23,167,494
638,Denmark,2013,64831,33.8,100.75,160,450
639,Denmark,2014,66114,34.02,103.71,160,469
640,Denmark,2015,55972,36.32,85.1,174,390
657,Ecuador,2000,1650,15.61,41.56,163,371
658,Ecuador,2001,2160,17.62,49.62,185,399
659,Ecuador,2002,2472,15.81,45.61,180,397
660,Ecuador,2003,2755,21.44,49.12,222,453
661,Ecuador,2004,3051,22.13,62.26,236,555
662,Ecuador,2005,3397,22.2,74.53,260,683
663,Ecuador,2006,3759,25.99,67.08,298,602
664,Ecuador,2007,4024,22.96,73.01,274,731
665,Ecuador,2008,4787,20.82,74.47,255,673
666,Ecuador,2009,4762,23.05,71.2,245,719
667,Ecuador,2010,5206,22.1,59.39,254,658
668,Ecuador,2011,5836,20.98,60.82,264,654
669,Ecuador,2012,6364,20.81,64.07,265,711
670,Ecuador,2013,6769,14.49,48.39,186,490
671,Ecuador,2014,7116,12.56,53.46,167,567
672,Ecuador,2015,6832,20.63,76.76,266,807
682,El Salvador,2000,2303,32.160000000000004,78.39,142,319
683,El Salvador,2001,2373,32.1,97.61,152,362
684,El Salvador,2002,2421,24.39,88.80000000000001,132,304
685,El Salvador,2003,2507,26.59,102.33,139,388
686,El Salvador,2004,2573,21.96,89.6,115,349
687,El Salvador,2005,2733,25.54,90.19,118,337
688,El Salvador,2006,2947,22.15,77.42,118,293
689,El Salvador,2007,3111,22.189999999999998,104.95,112,389
690,El Salvador,2008,3271,20.78,105.03999999999999,116,374
691,El Salvador,2009,3184,21.82,102.3,113,393
692,El Salvador,2010,3318,17.73,80.19,95,304
693,El Salvador,2011,3631,22.23,93.23,118,367
694,El Salvador,2012,3806,20.98,102.16,116,396
695,El Salvador,2013,3885,16.509999999999998,99.55,98,386
696,El Salvador,2014,3965,24.61,77.23,108,278
702,Estonia,2000,4262,68.88,295.76,88,289
703,Estonia,2001,4711,82.86,288.82,86,315
704,Estonia,2002,5561,59.48,298.82,72,299
705,Estonia,2003,7523,58.5,279.74,66,276
706,Estonia,2004,9293,50.75,248.71,59,264
707,Estonia,2005,10870,47.29,209.14,53,220
708,Estonia,2006,13264,51.61,191.02,56,191
709,Estonia,2007,17504,39.24,225.81,46,205
710,Estonia,2008,19141,44.98,199.59,53,189
711,Estonia,2009,15609,42.61,206.06,49,220
712,Estonia,2010,15540,36.58,192.49,42,181
713,Estonia,2011,18545,33.52,195.74,40,178
714,Estonia,2012,18411,41.92,199.69,47,190
715,Estonia,2013,20221,40.81,191.11,47,171
716,Estonia,2014,21117,40.13,218.78,48,193
717,Estonia,2015,18149,28.64,176.74,36,159
718,Fiji,2001,2307,12.59,42.36,8,28
719,Fiji,2002,2548,42.22,68.32000000000001,16,26
720,Fiji,2003,3192,5.6899999999999995,10.43,4,6
721,Fiji,2004,3744,11.75,78.74000000000001,8,16
722,Fiji,2005,4104,8.53,44.3,6,16
723,Fiji,2006,4206,12.66,18.11,9,15
724,Fiji,2007,4570,4.42,16.04,3,10
725,Fiji,2008,4675,15.54,31.939999999999998,12,25
726,Fiji,2009,3765,26.470000000000002,25.2,7,19
727,Fiji,2011,4862,11.47,95.5,8,30
728,Fiji,2012,5073,27.67,63.910000000000004,10,22
742,Finland,2000,25716,60.19,205.46,292,873
743,Finland,2001,26383,54.1,213.09,271,933
744,Finland,2002,28390,53.86,201.66,271,824
745,Finland,2003,34701,53.36,190.09,260,815
746,Finland,2004,39793,52.25,191.70000000000002,252,812
747,Finland,2005,41202,55.99,174.53,270,724
748,Finland,2006,43487,52.769999999999996,181.03,259,803
749,Finland,2007,51089,49.07,174.01,244,751
750,Finland,2008,56521,46.76,173.53,232,801
751,Finland,2009,49878,55.48,173.01,273,761
752,Finland,2010,48939,50.1,165.11,236,718
753,Finland,2011,53809,39.8,163.81,202,710
754,Finland,2012,50232,42.54,144.47,218,655
755,Finland,2013,52572,45.51,151.32,221,666
756,Finland,2014,52832,39.13,138.03,190,599
757,Finland,2015,44862,35.550000000000004,125.64,173,558
773,France,2000,24648,56.29,200.94,2874,7975
774,France,2001,24796,53.63,186.31,2789,7660
775,France,2002,26714,54.910000000000004,183.73,2915,7728
776,France,2003,32656,52.72,188.59,2833,8038
777,France,2004,37240,53.36,179.15,2949,7855
778,France,2005,38420,52.09,180.0,2884,7829
779,France,2006,40097,50.03,170.6,2830,7593
780,France,2007,45682,47.29,166.4,2708,7419
781,France,2008,49901,47.19,169.02,2734,7619
782,France,2009,45775,47.35,168.89000000000001,2734,7765
783,France,2010,44747,46.54,164.63,2738,7641
784,France,2011,48217,44.47,166.71,2618,7790
785,France,2012,45002,41.6,157.38,2417,7326
786,France,2013,46922,40.33,152.0,2375,7225
787,France,2014,47318,37.82,141.74,2220,6661
797,Georgia,2000,734,9.27,37.37,28,102
798,Georgia,2001,777,9.87,25.32,27,73
799,Georgia,2004,1253,8.27,58.27,28,147
800,Georgia,2005,1552,5.62,22.74,18,69
801,Georgia,2006,1859,4.15,19.36,13,59
802,Georgia,2007,2448,6.11,30.48,20,84
803,Georgia,2009,2589,12.32,52.74,39,149
804,Georgia,2010,2775,4.81,29.52,16,96
805,Georgia,2011,3435,3.64,32.67,15,84
806,Georgia,2012,3772,3.81,31.07,13,91
807,Georgia,2013,3850,6.14,49.43,23,134
808,Georgia,2014,4757,11.49,63.0,36,158
809,Georgia,2015,4046,19.38,65.3,48,144
820,Germany,2000,24922,41.980000000000004,143.57,2937,8136
821,Germany,2001,24874,42.64,143.14,2971,8196
822,Germany,2002,26441,43.48,140.48,3059,8117
823,Germany,2003,31816,42.62,138.62,2973,8182
824,Germany,2004,35772,39.63,132.6,2795,7946
825,Germany,2005,36289,37.55,123.94,2739,7531
826,Germany,2006,38088,34.51,118.01,2544,7231
827,Germany,2007,43667,32.79,113.73,2397,7012
828,Germany,2008,47702,33.13,112.39,2414,7045
829,Germany,2009,43570,31.55,113.97,2373,7206
830,Germany,2010,43614,34.4,117.77,2559,7471
831,Germany,2011,47947,34.08,118.74000000000001,2502,7651
832,Germany,2012,45142,34.51,113.8,2607,7289
833,Germany,2013,48563,35.2,117.88,2635,7456
834,Germany,2014,50167,34.17,118.86999999999999,2588,7629
835,Germany,2015,43201,35.23,115.11,2685,7403
851,Greece,2000,12509,9.65,35.21,84,298
852,Greece,2001,13043,5.71,33.1,48,286
853,Greece,2002,14676,7.43,30.92,66,257
854,Greece,2003,19202,6.98,33.69,69,306
855,Greece,2004,22804,6.03,34.89,68,285
856,Greece,2005,23414,8.469999999999999,38.06,79,321
857,Greece,2006,25739,6.95,38.46,68,326
858,Greece,2007,29896,6.55,27.36,60,268
859,Greece,2008,33168,5.66,34.64,65,308
860,Greece,2009,30785,5.72,35.25,58,333
861,Greece,2010,27886,4.15,35.75,41,336
862,Greece,2011,26825,9.03,39.65,84,393
863,Greece,2012,23309,9.34,43.980000000000004,91,417
864,Greece,2013,22994,10.47,44.64,108,425
865,Greece,2014,22834,11.21,48.61,115,450
866,Greece,2015,18927,10.08,45.98,107,422
877,Grenada,2001,5693,0.0,0.0,0,0
878,Grenada,2002,5879,0.0,0.0,0,0
879,Grenada,2003,6385,0.0,69.18,0,4
880,Grenada,2004,6428,0.0,13.37,0,1
881,Grenada,2005,7422,14.02,146.8,1,5
882,Grenada,2006,7423,0.0,9.89,0,1
883,Grenada,2007,8035,12.99,35.35,1,2
884,Grenada,2008,8733,0.0,0.0,0,0
885,Grenada,2009,8140,0.0,0.0,0,0
886,Grenada,2010,8118,0.0,0.0,0,0
887,Grenada,2011,8188,0.0,20.73,0,1
888,Grenada,2012,8382,0.0,18.009999999999998,0,2
889,Grenada,2013,8789,0.0,0.0,0,0
890,Grenada,2014,9456,0.0,0.0,0,0
891,Grenada,2015,10290,0.0,0.0,0,0
892,Grenada,2016,10838,0.0,0.0,0,0
907,Guatemala,2000,1977,4.08,23.34,40,142
908,Guatemala,2001,1867,5.09,25.5,52,150
909,Guatemala,2002,2022,11.05,29.479999999999997,64,194
910,Guatemala,2003,2079,5.0600000000000005,32.28,53,200
911,Guatemala,2004,2215,5.99,23.94,66,184
912,Guatemala,2005,2450,4.96,27.65,61,177
913,Guatemala,2006,2653,7.78,34.17,71,227
914,Guatemala,2007,2914,5.96,34.31,64,263
915,Guatemala,2008,3252,9.16,45.6,121,371
916,Guatemala,2009,3053,11.19,46.38,145,366
917,Guatemala,2010,3260,6.2,29.23,82,270
918,Guatemala,2011,3661,8.54,26.15,108,251
919,Guatemala,2012,3779,8.45,33.35,110,310
920,Guatemala,2013,3947,8.39,32.3,124,331
921,Guatemala,2014,4210,10.74,35.14,156,356
922,Guatemala,2015,4472,11.0,33.85,144,350
935,Guyana,2001,1054,68.47,312.28999999999996,43,154
936,Guyana,2002,1090,53.73,258.2,34,142
937,Guyana,2003,1116,86.03999999999999,296.5,45,153
938,Guyana,2004,1180,90.84,309.16,48,138
939,Guyana,2005,1235,66.06,267.90000000000003,42,127
940,Guyana,2006,2182,78.98,315.62,50,151
941,Guyana,2007,2602,97.63,276.12,42,143
942,Guyana,2008,2873,87.04,266.58,44,124
943,Guyana,2009,3076,85.13,216.65,47,109
944,Guyana,2010,3384,76.38,326.69,49,156
945,Guyana,2011,3815,70.86,278.67,39,153
946,Guyana,2012,4212,75.58,292.4,50,156
947,Guyana,2013,4372,70.35000000000001,286.03,50,160
957,Hungary,2000,4966,103.92,360.64,806,2463
958,Hungary,2001,5546,82.69,326.28999999999996,696,2282
959,Hungary,2002,6995,76.39,306.36,647,2192
960,Hungary,2003,8840,76.26,295.78,640,2160
961,Hungary,2004,10806,75.03999999999999,294.43,655,2087
962,Hungary,2005,11764,65.42,286.59000000000003,593,2026
963,Hungary,2006,12021,65.5,247.16,600,1861
964,Hungary,2007,14609,63.54,263.78000000000003,571,1879
965,Hungary,2008,16540,63.07,268.61,566,1910
966,Hungary,2009,13697,58.220000000000006,252.5,559,1901
967,Hungary,2010,13761,58.77,262.54,547,1942
968,Hungary,2011,14827,61.1,238.75,574,1846
969,Hungary,2012,13525,59.31,246.65,546,1803
970,Hungary,2013,14333,53.94,212.29,505,1587
971,Hungary,2014,14886,45.25,199.06,447,1478
972,Hungary,2015,13087,53.88,203.39,479,1389
973,Hungary,2016,13448,51.03,190.31,446,1315
989,Iceland,2000,34372,29.83,178.16,8,42
990,Iceland,2001,30850,27.380000000000003,135.68,8,28
991,Iceland,2002,34556,45.32,85.92,10,20
992,Iceland,2003,42174,25.58,75.39,6,20
993,Iceland,2004,50528,38.07,130.74,9,26
994,Iceland,2005,60712,27.740000000000002,87.26,9,24
995,Iceland,2006,60243,31.88,74.51,10,22
996,Iceland,2007,73590,34.0,129.29,7,30
997,Iceland,2008,59489,37.980000000000004,98.11,11,27
998,Iceland,2009,43700,17.88,105.85,7,29
999,Iceland,2010,45179,31.71,152.56,10,36
1000,Iceland,2011,49861,18.380000000000003,74.57000000000001,5,22
1001,Iceland,2012,48083,38.67,106.74000000000001,11,26
1002,Iceland,2013,51749,62.589999999999996,158.65,14,35
1003,Iceland,2014,56833,42.410000000000004,155.55,11,33
1004,Iceland,2015,54909,45.69,94.96000000000001,11,29
1005,Iceland,2016,64708,14.68,123.39,4,36
1021,Ireland,2000,28340,25.05,117.31,82,381
1022,Ireland,2001,30536,22.66,126.31,79,409
1023,Ireland,2002,35154,24.05,111.77,81,368
1024,Ireland,2003,44473,28.43,106.34,96,358
1025,Ireland,2004,51662,20.17,109.25,74,390
1026,Ireland,2005,55213,25.59,95.52,88,363
1027,Ireland,2006,58941,21.46,105.0,80,372
1028,Ireland,2007,67032,24.14,97.63,96,362
1029,Ireland,2008,67173,31.28,98.28,120,386
1030,Ireland,2009,57390,26.59,106.04,105,422
1031,Ireland,2010,52042,24.92,95.38,100,386
1032,Ireland,2011,56655,22.46,116.12,96,458
1033,Ireland,2012,53443,23.21,114.45,96,446
1034,Ireland,2013,56628,23.02,94.39,96,391
1035,Ireland,2014,59634,20.5,99.18,87,399
1051,Israel,2000,23451,22.55,86.01,87,307
1052,Israel,2001,22623,20.5,87.73,75,323
1053,Israel,2002,20536,21.580000000000002,71.91,91,291
1054,Israel,2003,21133,16.56,80.61,72,345
1055,Israel,2004,22168,21.369999999999997,77.07,91,320
1056,Israel,2005,22901,28.349999999999998,74.56,121,304
1057,Israel,2006,24306,18.810000000000002,61.71,88,279
1058,Israel,2007,27712,12.49,61.18,63,263
1059,Israel,2008,32874,13.51,73.82000000000001,60,294
1060,Israel,2009,30812,17.1,63.22,94,310
1061,Israel,2010,34104,15.540000000000001,83.93,86,394
1062,Israel,2011,37528,15.55,71.86,87,322
1063,Israel,2012,36263,15.1,68.69,81,349
1064,Israel,2013,40477,15.13,59.08,81,291
1065,Israel,2014,41869,15.47,55.79,88,294
1066,Israel,2015,39793,14.11,51.8,73,269
1082,Italy,2000,21027,20.91,78.31,1046,3062
1083,Italy,2001,21392,18.71,77.16,980,3050
1084,Italy,2002,23227,17.759999999999998,76.85,924,3145
1085,Italy,2003,28572,18.830000000000002,75.59,997,3078
1086,Italy,2004,32704,18.01,73.32000000000001,940,3046
1087,Italy,2005,33536,17.64,64.95,939,2803
1088,Italy,2006,34578,15.4,66.21000000000001,859,2841
1089,Italy,2007,38935,15.459999999999999,66.5,864,2893
1090,Italy,2008,41935,15.93,65.76,907,2997
1091,Italy,2009,38101,14.95,66.98,881,3093
1092,Italy,2010,36869,14.76,66.01,861,3128
1093,Italy,2011,40210,14.9,71.18,863,3290
1094,Italy,2012,36497,16.09,69.36,933,3324
1095,Italy,2013,37050,16.47,68.39,968,3322
1096,Italy,2014,37035,15.59,66.54,932,3215
1097,Italy,2015,31537,14.57,63.88,883,3105
1105,Jamaica,2000,3795,0.0,1.16,0,3
1106,Jamaica,2001,3838,0.41,2.39,1,4
1107,Jamaica,2002,4013,0.0,0.7,0,2
1108,Jamaica,2003,3852,0.41,0.5,1,1
1109,Jamaica,2004,4119,0.0,0.74,0,1
1110,Jamaica,2005,4505,2.77,23.4,8,43
1111,Jamaica,2006,4738,0.0,0.0,0,0
1112,Jamaica,2009,4686,1.49,19.64,3,33
1113,Jamaica,2010,5100,0.0,1.16,0,3
1114,Jamaica,2011,5552,2.4499999999999997,25.41,6,44
1130,Japan,2000,40813,81.86,196.66,8574,21415
1131,Japan,2001,35843,77.15,190.01,8264,20868
1132,Japan,2002,34239,74.9,190.94,8248,21467
1133,Japan,2003,36926,77.87,201.54,8691,23190
1134,Japan,2004,39960,73.84,192.41,8270,21764
1135,Japan,2005,39412,74.19,192.7,8299,22070
1136,Japan,2006,37534,75.05,187.19,8486,21283
1137,Japan,2007,37408,76.16,192.6,8798,21867
1138,Japan,2008,41773,76.46,188.86,8668,21405
1139,Japan,2009,43415,74.03,192.66,8508,22015
1140,Japan,2010,47059,72.1,183.38,8506,20905
1141,Japan,2011,50919,77.21,175.2,8985,19781
1142,Japan,2012,51379,67.55,166.15,7936,18402
1143,Japan,2013,42781,67.08,164.08,7910,18081
1144,Japan,2014,40328,63.68,154.53,7537,16820
1145,Japan,2015,36510,58.29,147.75,6946,16146
1156,Kazakhstan,2000,1328,73.27,352.78,746,3682
1157,Kazakhstan,2001,1608,67.27,355.22,658,3719
1158,Kazakhstan,2002,1788,66.99,338.9,678,3562
1159,Kazakhstan,2003,2232,69.07,342.64,688,3633
1160,Kazakhstan,2004,3110,67.13,346.73,692,3702
1161,Kazakhstan,2005,4096,60.55,297.25,634,3269
1162,Kazakhstan,2006,5770,62.1,312.63,675,3401
1163,Kazakhstan,2007,7423,63.33,312.3,721,3420
1164,Kazakhstan,2008,9387,65.08,301.86,767,3230
1165,Kazakhstan,2009,8024,60.589999999999996,269.48,718,3120
1166,Kazakhstan,2010,10062,54.79,266.02,645,2964
1167,Kazakhstan,2011,12969,52.57,241.19,608,2793
1168,Kazakhstan,2012,13845,46.97,224.04999999999998,563,2677
1169,Kazakhstan,2013,15552,55.8,240.87,675,2837
1170,Kazakhstan,2014,14351,46.97,210.12,563,2556
1171,Kazakhstan,2015,11784,42.67,195.35,530,2342
1181,Kiribati,2000,928,0.0,0.0,0,0
1182,Kiribati,2001,854,0.0,0.0,0,0
1193,Kuwait,2000,19112,7.65,7.58,14,20
1194,Kuwait,2001,17116,2.48,6.65,5,25
1195,Kuwait,2002,17668,5.3,9.26,11,34
1196,Kuwait,2003,24544,7.5,8.94,14,30
1197,Kuwait,2004,29778,8.72,8.540000000000001,17,28
1198,Kuwait,2005,39166,5.680000000000001,12.5,11,41
1199,Kuwait,2006,46890,6.67,9.16,11,34
1200,Kuwait,2007,37283,4.61,8.41,14,37
1201,Kuwait,2008,43746,5.48,6.28,14,33
1202,Kuwait,2009,33453,8.14,6.67,21,40
1203,Kuwait,2010,35171,3.9,6.140000000000001,13,26
1204,Kuwait,2011,46203,4.86,6.55,15,26
1205,Kuwait,2012,49781,7.4,8.19,19,37
1206,Kuwait,2013,48729,3.77,6.109999999999999,13,28
1207,Kuwait,2014,43774,6.03,9.83,18,50
1218,Kyrgyzstan,2000,313,39.21,143.42000000000002,96,414
1219,Kyrgyzstan,2001,345,26.77,166.53,77,483
1220,Kyrgyzstan,2002,359,31.57,141.54,100,467
1221,Kyrgyzstan,2003,424,23.5,114.36,82,397
1222,Kyrgyzstan,2004,484,24.7,116.63000000000001,75,363
1223,Kyrgyzstan,2005,533,21.32,114.16,84,386
1224,Kyrgyzstan,2006,610,31.58,114.41,97,366
1225,Kyrgyzstan,2007,814,32.730000000000004,93.16,116,366
1226,Kyrgyzstan,2008,1096,29.83,106.13,94,379
1227,Kyrgyzstan,2009,977,24.44,88.84,96,362
1228,Kyrgyzstan,2010,991,29.759999999999998,113.44,105,395
1229,Kyrgyzstan,2011,1273,28.24,98.65,108,363
1230,Kyrgyzstan,2012,1339,37.11,103.55,122,402
1231,Kyrgyzstan,2013,1463,24.29,85.55,97,349
1232,Kyrgyzstan,2014,1465,25.16,86.63,103,358
1233,Kyrgyzstan,2015,1285,21.72,76.65,90,327
1239,Latvia,2000,3494,76.91,376.29,152,618
1240,Latvia,2001,3724,68.63,314.86,137,571
1241,Latvia,2002,4311,70.78999999999999,296.96999999999997,149,521
1242,Latvia,2003,5364,60.1,301.53,122,482
1243,Latvia,2004,6644,55.45,272.93,106,457
1244,Latvia,2005,7916,60.519999999999996,251.54,119,445
1245,Latvia,2006,10139,41.4,247.5,80,407
1246,Latvia,2007,14758,51.12,244.63,95,358
1247,Latvia,2008,17217,52.89,270.8,100,427
1248,Latvia,2009,12890,50.47,257.33,100,416
1249,Latvia,2010,11951,28.38,230.96,62,376
1250,Latvia,2011,14447,41.7,247.05,75,365
1251,Latvia,2012,14558,39.96,227.72,73,371
1252,Latvia,2013,15820,29.53,212.66,61,322
1253,Latvia,2014,16544,40.28,208.53,71,311
1254,Latvia,2015,14382,40.4,211.07000000000002,81,306
1260,Lithuania,2000,3481,100.8,471.0,314,1317
1261,Lithuania,2001,3719,90.85,478.13,278,1255
1262,Lithuania,2002,4360,82.92,472.7,242,1309
1263,Lithuania,2003,5778,80.96,449.56,256,1199
1264,Lithuania,2004,7028,84.14,419.23,256,1124
1265,Lithuania,2005,8229,74.44,411.34999999999997,235,1084
1266,Lithuania,2006,9667,66.13,334.44,196,853
1267,Lithuania,2007,12869,63.08,343.71,177,848
1268,Lithuania,2008,15669,64.83,365.22,193,918
1269,Lithuania,2009,12412,64.84,372.23,186,952
1270,Lithuania,2010,12584,64.39,330.85,189,829
1271,Lithuania,2011,15097,68.24,339.45,201,817
1272,Lithuania,2012,15099,57.88,316.24,174,753
1273,Lithuania,2013,16538,72.23,372.33,198,887
1274,Lithuania,2014,17442,60.69,340.58,161,769
1275,Lithuania,2015,15073,62.17,323.31,169,727
1276,Lithuania,2016,15742,44.58,317.14,129,693
1292,Luxembourg,2000,51841,41.72,180.92,15,47
1293,Luxembourg,2001,51391,77.61,162.21,23,50
1294,Luxembourg,2002,56484,55.17,208.97,22,63
1295,Luxembourg,2003,69768,17.509999999999998,146.86,8,40
1296,Luxembourg,2004,80639,41.79,147.75,17,45
1297,Luxembourg,2005,85397,21.32,137.75,10,39
1298,Luxembourg,2006,95351,33.78,150.01,18,47
1299,Luxembourg,2007,112581,58.04,125.85,25,53
1300,Luxembourg,2008,121315,18.47,93.84,8,35
1301,Luxembourg,2009,109483,23.330000000000002,87.62,12,36
1302,Luxembourg,2010,111328,23.11,118.05,11,43
1303,Luxembourg,2011,122729,49.69,86.84,18,37
1304,Luxembourg,2012,113120,27.24,112.94,12,39
1305,Luxembourg,2013,120423,34.71,56.769999999999996,16,24
1306,Luxembourg,2014,126352,37.410000000000004,110.47,15,52
1307,Luxembourg,2015,107456,38.6,95.8,19,45
1309,Maldives,2000,2524,0.0,0.0,0,0
1310,Maldives,2001,3406,102.46,8.030000000000001,1,2
1311,Maldives,2002,3401,2.95,6.890000000000001,1,2
1312,Maldives,2003,3867,3.95,11.57,1,3
1313,Maldives,2004,4373,3.74,0.0,1,0
1314,Maldives,2005,4026,0.0,2.75,0,1
1315,Maldives,2007,6115,6.33,8.030000000000001,2,3
1316,Maldives,2008,7236,0.0,0.0,0,0
1317,Maldives,2010,7806,0.0,1.99,0,1
1318,Maldives,2011,8135,0.0,5.39,0,2
1334,Malta,2000,11873,16.3,61.75,6,17
1335,Malta,2001,11691,23.63,61.66,7,23
1336,Malta,2002,12524,26.84,28.44,8,11
1337,Malta,2003,14444,7.95,66.99,3,17
1338,Malta,2004,15916,34.16,51.660000000000004,10,14
1339,Malta,2005,16648,5.88,62.06,3,16
1340,Malta,2006,17504,9.850000000000001,77.36,5,21
1341,Malta,2007,20333,6.72,67.12,1,25
1342,Malta,2008,23007,3.65,35.03,2,12
1343,Malta,2009,21695,10.48,96.64,3,33
1344,Malta,2010,22132,4.03,78.08,2,29
1345,Malta,2011,23984,0.0,47.5,0,20
1346,Malta,2012,23074,11.14,48.730000000000004,6,19
1347,Malta,2013,25191,3.37,53.85,1,21
1348,Malta,2014,27634,15.9,86.17999999999999,5,27
1349,Malta,2015,25750,16.25,62.019999999999996,7,27
1365,Mauritius,2000,4339,27.58,113.24,30,107
1366,Mauritius,2001,4244,39.06,82.78,37,76
1367,Mauritius,2002,4415,27.3,104.6,29,102
1368,Mauritius,2003,5136,22.42,71.6,24,64
1369,Mauritius,2004,5789,20.12,80.87,22,75
1370,Mauritius,2005,5641,26.07,76.44,23,79
1371,Mauritius,2006,6246,39.04,124.64,29,89
1372,Mauritius,2007,7179,26.939999999999998,114.50999999999999,30,97
1373,Mauritius,2008,8716,11.16,66.97,12,72
1374,Mauritius,2009,7873,25.96,80.11,23,92
1375,Mauritius,2010,8587,18.41,93.42,22,76
1376,Mauritius,2011,9817,21.38,98.66,23,95
1377,Mauritius,2012,9884,27.349999999999998,86.9,26,89
1378,Mauritius,2013,10572,14.5,83.17,15,83
1379,Mauritius,2014,11120,28.31,87.14,24,96
1380,Mauritius,2015,10125,25.25,74.72,26,78
1381,Mauritius,2016,10570,12.799999999999999,86.5,15,83
1397,Mexico,2000,7892,6.91,47.98,537,2919
1398,Mexico,2001,8311,8.39,54.91,672,3088
1399,Mexico,2002,8357,7.800000000000001,50.56,656,3170
1400,Mexico,2003,7779,8.24,54.76,694,3376
1401,Mexico,2004,8217,8.31,52.44,675,3381
1402,Mexico,2005,9071,8.31,53.910000000000004,730,3544
1403,Mexico,2006,9906,7.91,51.31,709,3521
1404,Mexico,2007,10496,8.37,49.64,762,3523
1405,Mexico,2008,10864,9.16,51.67,860,3782
1406,Mexico,2009,8651,9.72,54.42,966,4057
1407,Mexico,2010,9991,8.85,52.16,900,3958
1408,Mexico,2011,10965,10.36,55.16,1071,4487
1409,Mexico,2012,10982,10.11,53.32,1051,4330
1410,Mexico,2013,11478,10.28,54.71,1043,4668
1411,Mexico,2014,11663,11.290000000000001,57.089999999999996,1228,4950
1412,Mexico,2015,10228,11.469999999999999,55.099999999999994,1248,4986
1413,Mongolia,2016,4145,28.18,156.21,52,371
1414,Montenegro,2000,1701,0.0,0.0,0,0
1415,Montenegro,2001,2004,0.0,0.0,0,0
1416,Montenegro,2002,2220,0.0,0.0,0,0
1417,Montenegro,2003,2946,0.0,0.0,0,0
1418,Montenegro,2004,3565,0.0,0.0,0,0
1419,Montenegro,2005,3870,85.35,189.13,36,82
1420,Montenegro,2006,4654,0.0,0.0,0,0
1421,Montenegro,2007,6268,78.37,257.15999999999997,32,89
1422,Montenegro,2008,7705,110.2,197.89000000000001,46,80
1423,Montenegro,2009,7023,63.62,212.31,30,77
1439,Netherlands,2000,27644,34.62,84.37,501,1000
1440,Netherlands,2001,28366,33.09,83.21000000000001,464,1010
1441,Netherlands,2002,30757,35.31,84.42,507,1063
1442,Netherlands,2003,37614,35.339999999999996,77.99,484,1018
1443,Netherlands,2004,42614,33.49,77.67,492,1022
1444,Netherlands,2005,44289,33.47,79.81,500,1074
1445,Netherlands,2006,47281,31.95,81.24,479,1046
1446,Netherlands,2007,54418,27.59,69.85,410,944
1447,Netherlands,2008,60375,29.12,72.97,448,991
1448,Netherlands,2009,54988,30.15,78.15,462,1068
1449,Netherlands,2010,53302,30.85,78.64,477,1127
1450,Netherlands,2011,56667,33.03,80.05,513,1137
1451,Netherlands,2012,52334,36.32,82.19,570,1186
1452,Netherlands,2013,54510,35.74,89.79,549,1307
1453,Netherlands,2014,55325,38.14,83.28,589,1250
1454,Netherlands,2015,47206,37.41,89.52000000000001,591,1282
1455,Netherlands,2016,48108,40.33,87.06,613,1273
1471,New Zealand,2000,14725,25.86,131.68,83,375
1472,New Zealand,2001,14968,39.01,140.89,119,389
1473,New Zealand,2002,18208,34.97,117.06,113,354
1474,New Zealand,2003,23663,43.11,129.24,141,378
1475,New Zealand,2004,27325,32.910000000000004,130.5,113,382
1476,New Zealand,2005,29803,38.86,119.07,132,382
1477,New Zealand,2006,28628,39.730000000000004,117.01,139,388
1478,New Zealand,2007,34892,31.47,116.72,118,376
1479,New Zealand,2008,33585,38.08,113.7,139,381
1480,New Zealand,2009,30259,33.26,119.74000000000001,118,394
1481,New Zealand,2010,36145,42.1,110.52,149,387
1482,New Zealand,2011,41184,33.44,109.38,116,377
1483,New Zealand,2012,42756,41.89,116.14,145,404
1484,New Zealand,2013,46198,37.54,107.00999999999999,147,366
1485,Nicaragua,2010,1715,14.379999999999999,74.36,77,274
1486,Nicaragua,2011,1888,17.32,72.23,93,276
1487,Nicaragua,2012,2006,16.259999999999998,56.03,82,234
1488,Nicaragua,2013,2062,13.04,67.93,75,276
1489,Nicaragua,2014,2199,15.56,55.84,70,241
1490,Nicaragua,2015,2303,15.08,54.79,85,230
1505,Norway,2000,41099,34.56,115.77,132,409
1506,Norway,2001,41281,33.730000000000004,120.56,138,411
1507,Norway,2002,46049,33.45,107.55,132,362
1508,Norway,2003,53533,33.47,104.61,128,374
1509,Norway,2004,61450,41.62,99.75,170,359
1510,Norway,2005,71215,44.22,97.87,173,360
1511,Norway,2006,79007,33.17,109.5,141,391
1512,Norway,2007,90797,35.67,92.10000000000001,149,336
1513,Norway,2008,103431,39.69,92.34,158,347
1514,Norway,2009,85394,37.29,108.45,157,416
1515,Norway,2010,93638,36.72,99.71,164,384
1516,Norway,2011,107430,36.21,110.28,164,434
1517,Norway,2012,108408,33.96,92.03999999999999,146,369
1518,Norway,2013,109804,36.68,90.33,176,378
1519,Norway,2014,103443,31.71,95.52,147,401
1520,Norway,2015,79187,42.940000000000005,93.49,190,400
1521,Oman,2009,18557,0.0,21.19,0,13
1522,Oman,2010,21337,0.0,3.8000000000000003,0,13
1523,Oman,2014,22328,0.0,1.51,0,7
1533,Panama,2000,4577,8.11,77.47,19,124
1534,Panama,2001,4558,11.780000000000001,74.99,23,139
1535,Panama,2002,4641,18.66,60.28,30,130
1536,Panama,2003,4790,7.57,89.67,21,174
1537,Panama,2004,5144,11.18,70.58,34,152
1538,Panama,2005,5499,10.99,66.82000000000001,24,148
1539,Panama,2006,5972,4.56,87.07,13,172
1540,Panama,2007,6876,6.7,65.2,21,150
1541,Panama,2008,7972,14.22,59.08,32,154
1542,Panama,2009,8436,9.4,58.89,28,149
1543,Panama,2010,8991,9.07,54.93,21,130
1544,Panama,2011,10403,6.04,56.69,19,125
1545,Panama,2012,11908,6.9,48.62,18,117
1546,Panama,2013,13189,5.09,44.22,13,117
1547,Panama,2014,14181,6.79,49.19,20,127
1548,Panama,2015,15158,5.8,39.1,19,91
1561,Paraguay,2000,1782,12.34,30.44,47,107
1562,Paraguay,2001,1630,13.25,43.27,54,98
1563,Paraguay,2002,1315,14.51,28.94,66,111
1564,Paraguay,2003,1339,8.48,42.87,45,129
1565,Paraguay,2004,1598,16.87,48.57,77,157
1566,Paraguay,2005,1704,15.85,46.96,84,155
1567,Paraguay,2006,2038,14.18,51.39,69,182
1568,Paraguay,2007,2599,13.09,49.42,68,159
1569,Paraguay,2008,3438,13.360000000000001,44.96,62,160
1570,Paraguay,2009,2920,13.149999999999999,54.18,70,213
1571,Paraguay,2010,3619,14.22,40.34,63,160
1572,Paraguay,2011,4474,13.899999999999999,53.93,76,222
1573,Paraguay,2012,4319,19.35,43.949999999999996,88,187
1574,Paraguay,2013,5006,14.98,60.410000000000004,76,247
1575,Paraguay,2014,5254,19.22,52.93,110,269
1581,Philippines,2000,1205,7.62,24.59,358,1045
1582,Philippines,2001,1109,5.26,21.82,277,927
1583,Philippines,2002,1158,6.6,21.94,302,999
1584,Philippines,2003,1169,8.12,25.29,402,1142
1585,Philippines,2006,1599,7.2299999999999995,29.43,402,1386
1586,Philippines,2007,1915,6.37,22.8,406,1292
1587,Philippines,2008,2188,7.01,26.04,409,1411
1588,Philippines,2009,2073,7.66,27.23,525,1549
1589,Philippines,2010,2412,7.24,29.72,487,1629
1590,Philippines,2011,2662,8.5,36.410000000000004,570,1879
1599,Poland,2000,4744,29.06,161.95000000000002,972,4869
1600,Poland,2001,5249,24.09,156.56,850,5005
1601,Poland,2002,5466,29.05,154.22,992,4933
1602,Poland,2003,5983,25.73,154.42,888,4948
1603,Poland,2004,7014,26.24,161.5,910,5162
1604,Poland,2005,8417,25.41,160.63,907,5138
1605,Poland,2006,9485,25.94,156.91,858,4947
1606,Poland,2007,11816,23.35,143.12,812,4472
1607,Poland,2008,14721,23.38,154.0,812,4870
1608,Poland,2009,12141,26.580000000000002,170.52,946,5531
1609,Poland,2010,13304,23.53,167.10999999999999,840,5517
1610,Poland,2011,14686,21.17,162.69,760,5353
1611,Poland,2012,13894,22.94,169.43,810,5558
1612,Poland,2013,14552,23.16,164.43,840,5378
1613,Poland,2014,15119,22.35,155.95000000000002,811,5123
1614,Poland,2015,13228,20.13,146.85999999999999,723,4697
1630,Portugal,2000,12152,14.219999999999999,71.66,107,417
1631,Portugal,2001,12391,20.93,94.8,175,586
1632,Portugal,2002,13614,30.4,141.43,263,947
1633,Portugal,2003,16671,30.96,135.5,267,889
1634,Portugal,2007,24003,29.459999999999997,114.09,269,751
1635,Portugal,2008,26121,26.18,114.84,244,794
1636,Portugal,2009,24254,24.05,115.64999999999999,222,803
1637,Portugal,2010,23673,28.67,120.17,265,834
1638,Portugal,2011,24337,21.990000000000002,105.87,223,794
1639,Portugal,2012,21573,22.86,116.53999999999999,217,859
1640,Portugal,2013,22641,24.57,108.16,241,811
1641,Portugal,2014,23091,29.72,124.17,298,924
1657,Puerto Rico,2000,17569,8.39,99.87,27,278
1658,Puerto Rico,2001,19649,10.780000000000001,96.11,34,255
1659,Puerto Rico,2002,20325,10.85,80.74,37,202
1660,Puerto Rico,2003,21264,5.78,91.21,22,240
1661,Puerto Rico,2004,22874,7.03,101.92,23,256
1662,Puerto Rico,2005,23944,12.6,92.51,41,248
1663,Puerto Rico,2006,24943,6.1000000000000005,89.2,22,243
1664,Puerto Rico,2007,25625,12.780000000000001,80.3,43,228
1665,Puerto Rico,2008,26840,13.71,93.37,47,253
1666,Puerto Rico,2009,27661,7.93,116.97,29,301
1667,Puerto Rico,2010,28267,12.47,91.37,45,241
1668,Puerto Rico,2011,28876,11.42,79.13,42,216
1669,Puerto Rico,2012,29247,12.03,75.07000000000001,44,204
1670,Puerto Rico,2013,29510,9.67,80.92,37,204
1671,Puerto Rico,2014,29515,8.5,68.59,32,188
1672,Puerto Rico,2015,29728,7.28,78.3,25,201
1674,Qatar,2001,32510,10.370000000000001,16.93,5,18
1675,Qatar,2004,45517,1.81,13.440000000000001,1,20
1676,Qatar,2005,55899,1.61,17.19,1,16
1677,Qatar,2006,64762,7.87,79.43,5,24
1678,Qatar,2007,71460,5.41,23.2,4,37
1679,Qatar,2008,87961,2.28,11.27,2,31
1680,Qatar,2009,64911,3.95,15.950000000000001,3,41
1681,Qatar,2010,74055,0.88,11.95,1,46
1682,Qatar,2011,90490,5.07,13.78,5,45
1683,Qatar,2012,93270,3.72,9.55,5,38
1684,Qatar,2013,93066,0.7,7.53,1,36
1685,Qatar,2014,91587,6.2700000000000005,12.719999999999999,3,52
1686,Qatar,2015,69937,6.53,12.309999999999999,9,57
1687,Qatar,2016,62484,2.88,13.549999999999999,5,63
1703,Republic of Korea,2000,12686,71.17,177.42,1963,4481
1704,Republic of Korea,2001,11922,79.08999999999999,194.45000000000002,2059,4852
1705,Republic of Korea,2002,13501,108.93,252.11,2672,5939
1706,Republic of Korea,2003,14971,131.28,322.84000000000003,3384,7514
1707,Republic of Korea,2004,16708,140.23000000000002,329.47,3613,7879
1708,Republic of Korea,2005,19460,145.35,333.69,3985,8026
1709,Republic of Korea,2006,21753,128.0,292.46,3426,7227
1710,Republic of Korea,2007,23982,149.6,316.94,4427,7747
1711,Republic of Korea,2008,21278,147.04,305.24,4598,8260
1712,Republic of Korea,2009,19036,170.89000000000001,348.63,5475,9927
1713,Republic of Korea,2010,22994,158.52,359.68,5237,10321
1714,Republic of Korea,2011,25157,147.84,367.21,5040,10866
1715,Republic of Korea,2012,25464,132.32,310.94,4538,9621
1716,Republic of Korea,2013,27060,121.14,307.43,4367,10059
1717,Republic of Korea,2014,29120,107.91,277.42,4099,9735
1718,Republic of Korea,2015,28410,103.95,285.19,3954,9556
1730,Romania,2000,1758,29.29,129.9,511,2325
1731,Romania,2001,1914,24.689999999999998,124.42,442,2278
1732,Romania,2002,2231,29.39,144.21,528,2539
1733,Romania,2003,2898,27.38,132.33,508,2386
1734,Romania,2004,3698,24.68,126.50999999999999,444,2276
1735,Romania,2005,4847,26.51,119.5,470,2133
1736,Romania,2006,6018,25.81,123.28,481,2240
1737,Romania,2007,8593,24.66,111.4,446,1984
1738,Romania,2008,10454,24.35,116.05,446,2026
1739,Romania,2009,8465,21.29,122.73,389,2197
1740,Romania,2010,8190,24.28,125.76,462,2304
1741,Romania,2011,9086,21.34,117.44,394,2142
1742,Romania,2012,9015,19.11,122.92,353,2142
1743,Romania,2013,10080,19.93,118.06,364,2043
1744,Romania,2014,10526,17.7,113.33,322,1887
1745,Romania,2015,9431,19.22,114.33,342,1886
1746,Romania,2016,10020,17.53,98.8,310,1643
1758,Russian Federation,2000,1879,79.53999999999999,424.93,9099,47520
1759,Russian Federation,2001,2229,77.92,426.73,9006,47952
1760,Russian Federation,2002,2527,78.4,410.15,9057,45967
1761,Russian Federation,2003,3141,73.12,395.79,8450,42995
1762,Russian Federation,2004,4312,70.07000000000001,377.54,8202,40894
1763,Russian Federation,2005,5611,63.87,356.47,7464,38338
1764,Russian Federation,2006,7313,63.16,338.15,7227,35387
1765,Russian Federation,2007,9643,63.52,323.47,7341,33808
1766,Russian Federation,2008,12359,60.28,306.52,6925,31286
1767,Russian Federation,2009,9118,55.93,296.87,6485,30923
1768,Russian Federation,2010,11307,50.09,269.12,5795,27561
1769,Russian Federation,2011,15226,49.300000000000004,250.38,5568,25470
1770,Russian Federation,2012,16413,47.56,237.95000000000002,5454,24189
1771,Russian Federation,2013,17052,42.56,231.41,4976,23714
1772,Russian Federation,2014,15319,40.52,218.7,4655,21886
1773,Russian Federation,2015,9987,37.66,199.26,4571,20861
1791,Saint Lucia,2000,5557,27.3,170.56,3,11
1792,Saint Lucia,2001,5195,0.0,59.08,0,7
1793,Saint Lucia,2002,5155,56.01,131.51,4,8
1794,Saint Lucia,2003,5599,49.37,83.89,4,6
1795,Saint Lucia,2004,5989,0.0,66.17,0,8
1796,Saint Lucia,2005,6292,0.0,24.82,0,4
1797,Saint Lucia,2006,7391,0.0,17.83,0,2
1798,Saint Lucia,2008,8122,0.0,0.0,0,0
1799,Saint Lucia,2009,7902,0.0,82.32,0,13
1800,Saint Lucia,2010,8557,6.38,23.93,1,3
1801,Saint Lucia,2011,8826,0.0,53.32,0,8
1802,Saint Lucia,2012,8764,4.06,80.97,1,9
1803,Saint Lucia,2013,9041,4.01,110.09,1,13
1804,Saint Lucia,2014,9372,20.299999999999997,71.26,3,11
1814,Saint Vincent and Grenadines,2000,4087,0.0,44.11,0,5
1815,Saint Vincent and Grenadines,2001,4418,12.33,148.33,1,7
1816,Saint Vincent and Grenadines,2002,4723,8.59,194.33999999999997,1,6
1817,Saint Vincent and Grenadines,2003,4902,0.0,50.91,0,4
1818,Saint Vincent and Grenadines,2004,5286,0.0,46.46,0,4
1819,Saint Vincent and Grenadines,2005,5556,8.01,64.1,1,7
1820,Saint Vincent and Grenadines,2006,6142,7.88,114.19,1,5
1821,Saint Vincent and Grenadines,2007,6539,0.0,102.39,0,11
1822,Saint Vincent and Grenadines,2008,6966,7.66,32.629999999999995,1,3
1823,Saint Vincent and Grenadines,2009,6754,0.0,11.18,0,1
1824,Saint Vincent and Grenadines,2010,6809,0.0,54.83,0,5
1825,Saint Vincent and Grenadines,2011,6759,16.42,30.560000000000002,1,4
1826,Saint Vincent and Grenadines,2012,6918,24.89,72.4,3,7
1827,Saint Vincent and Grenadines,2013,7183,0.0,0.0,0,0
1828,Saint Vincent and Grenadines,2014,7203,0.0,80.78,0,2
1829,Saint Vincent and Grenadines,2015,7496,11.02,17.060000000000002,1,2
1831,San Marino,2000,43435,0.0,47.26,0,1
1832,San Marino,2005,69301,0.0,34.01,0,1
1835,Serbia,2000,915,87.00999999999999,237.15,474,1069
1836,Serbia,2001,1718,72.62,224.38,417,1025
1837,Serbia,2002,2258,72.58,223.32999999999998,395,1051
1838,Serbia,2003,2979,66.47,204.8,381,997
1839,Serbia,2004,3508,57.12,205.39000000000001,367,978
1840,Serbia,2005,3719,74.03,212.29,431,1006
1841,Serbia,2006,4353,76.11,209.96,422,1021
1842,Serbia,2007,5748,63.69,194.76,385,968
1843,Serbia,2008,7049,63.26,179.35,386,903
1844,Serbia,2009,6116,61.59,196.84,376,997
1845,Serbia,2010,5682,51.65,182.82999999999998,304,903
1846,Serbia,2011,6734,58.04,185.41,347,909
1847,Serbia,2012,5933,51.3,183.23000000000002,311,932
1848,Serbia,2013,6662,44.78,172.95,296,901
1849,Serbia,2014,6500,47.11,169.67000000000002,277,857
1850,Serbia,2015,5492,45.29,160.68,269,793
1854,Seychelles,2001,8257,10.39,77.18,1,5
1855,Seychelles,2002,9070,0.0,154.12,0,5
1856,Seychelles,2003,9001,18.31,81.69,2,6
1857,Seychelles,2004,10526,0.0,63.27,0,6
1858,Seychelles,2005,11361,14.33,57.17,1,4
1859,Seychelles,2006,12442,0.0,275.75,0,8
1860,Seychelles,2007,12554,12.96,134.68,1,5
1861,Seychelles,2008,11667,0.0,39.07,0,4
1862,Seychelles,2009,10157,0.0,43.81,0,4
1863,Seychelles,2010,11563,0.0,51.989999999999995,0,6
1864,Seychelles,2011,13204,0.0,51.339999999999996,0,5
1865,Seychelles,2012,13044,0.0,33.5,0,3
1866,Seychelles,2013,16090,0.0,131.4,0,9
1867,Seychelles,2014,16018,20.54,22.79,2,2
1868,Seychelles,2015,16005,16.79,64.46000000000001,1,6
1884,Singapore,2000,31446,53.22,111.12,105,204
1885,Singapore,2001,28774,57.16,110.64,115,190
1886,Singapore,2002,29048,69.17,103.22,129,192
1887,Singapore,2003,30067,60.25,112.49000000000001,119,201
1888,Singapore,2004,34799,57.1,110.38,130,205
1889,Singapore,2005,38122,47.96,132.37,119,240
1890,Singapore,2006,43318,61.199999999999996,87.55,141,231
1891,Singapore,2007,53098,57.22,108.54,131,197
1892,Singapore,2008,55735,44.629999999999995,105.62,112,207
1893,Singapore,2009,54413,49.37,100.21,114,235
1894,Singapore,2010,66099,37.91,91.32,99,197
1895,Singapore,2011,76638,40.09,76.87,111,197
1896,Singapore,2012,80040,49.48,92.14,149,243
1897,Singapore,2013,83151,39.84,98.03,112,245
1898,Singapore,2014,84442,31.63,100.15,105,250
1899,Singapore,2015,81766,37.67,71.62,111,218
1908,Slovakia,2000,5696,29.92,150.16,135,594
1909,Slovakia,2001,6020,25.41,146.47,112,580
1910,Slovakia,2002,6869,24.2,167.57,100,617
1911,Slovakia,2003,9138,21.68,147.48000000000002,105,648
1912,Slovakia,2004,11177,22.88,128.02,112,564
1913,Slovakia,2005,12229,20.24,145.13,95,584
1914,Slovakia,2006,13763,0.0,0.0,0,0
1915,Slovakia,2007,16815,0.0,0.0,0,0
1916,Slovakia,2008,19530,18.07,116.13,83,508
1917,Slovakia,2009,17299,11.53,127.55,58,543
1918,Slovakia,2010,17387,19.16,124.52,92,539
1919,Slovakia,2012,18256,12.45,117.03,72,499
1920,Slovakia,2013,19226,16.5,127.41,83,533
1921,Slovakia,2014,19679,16.43,116.39,83,471
1927,Slovenia,2000,10783,89.31,314.81,155,433
1928,Slovenia,2001,10979,75.55,347.85,122,459
1929,Slovenia,2002,12362,62.65,291.65,107,433
1930,Slovenia,2003,15568,73.38,303.18,122,440
1931,Slovenia,2004,18067,82.66,215.82,142,370
1932,Slovenia,2005,19012,62.47,274.94,112,391
1933,Slovenia,2006,20634,65.11,282.76,114,415
1934,Slovenia,2007,24964,57.65,233.79999999999998,99,335
1935,Slovenia,2008,28599,46.92,216.17,84,324
1936,Slovenia,2009,25872,52.17,216.54,97,350
1937,Slovenia,2010,24689,39.15,226.44,78,336
1938,Slovenia,2011,26377,47.22,234.44,88,347
1939,Slovenia,2012,23820,41.56,238.18,80,360
1940,Slovenia,2013,24697,47.39,235.63,86,360
1941,Slovenia,2014,25569,34.13,206.23999999999998,63,325
1942,Slovenia,2015,22036,47.14,217.67000000000002,90,332
1947,South Africa,2000,3361,1.67,7.87,58,209
1948,South Africa,2001,2953,1.73,10.700000000000001,72,312
1949,South Africa,2002,2769,1.33,5.65,47,189
1950,South Africa,2003,4132,2.56,6.68,63,193
1951,South Africa,2004,5323,2.48,10.15,89,294
1952,South Africa,2005,5914,3.63,11.66,101,357
1953,South Africa,2006,6166,3.19,14.73,97,417
1954,South Africa,2007,6708,3.66,8.459999999999999,104,313
1955,South Africa,2008,6573,2.5,11.64,95,346
1956,South Africa,2009,6517,2.52,8.19,92,280
1957,South Africa,2010,8128,2.67,10.42,94,299
1958,South Africa,2011,8906,2.2600000000000002,7.05,75,283
1959,South Africa,2012,8347,2.57,10.99,114,373
1960,South Africa,2013,7612,3.1399999999999997,11.76,120,467
1961,South Africa,2014,7174,2.77,12.31,121,459
1962,South Africa,2015,6403,2.39,10.61,105,377
1978,Spain,2000,15538,24.740000000000002,97.47,819,2575
1979,Spain,2001,16169,22.53,89.87,759,2430
1980,Spain,2002,17924,23.23,92.41,817,2555
1981,Spain,2003,22701,23.189999999999998,93.3,828,2650
1982,Spain,2004,26372,23.93,88.7,857,2651
1983,Spain,2005,28092,22.6,85.06,829,2570
1984,Spain,2006,30246,19.33,80.53999999999999,735,2512
1985,Spain,2007,34769,20.2,78.75,801,2463
1986,Spain,2008,37848,19.57,78.95,781,2676
1987,Spain,2009,34470,18.72,79.3,763,2666
1988,Spain,2010,32839,16.01,71.42999999999999,690,2468
1989,Spain,2011,34097,17.32,71.27,745,2435
1990,Spain,2012,30146,18.650000000000002,78.23,815,2724
1991,Spain,2013,30792,22.23,79.09,960,2913
1992,Spain,2014,31171,22.43,81.92,973,2938
1993,Spain,2015,27108,21.240000000000002,76.14,923,2681
2000,Sri Lanka,2000,953,92.78,334.51,1293,3959
2001,Sri Lanka,2001,912,70.89999999999999,287.15999999999997,1008,3582
2002,Sri Lanka,2002,951,65.34,274.07,917,3465
2003,Sri Lanka,2003,1077,67.33,285.42,934,3533
2004,Sri Lanka,2006,1580,66.75,261.98,898,3117
2018,Suriname,2000,2129,39.43,88.5,14,38
2019,Suriname,2001,1798,45.51,172.58,16,56
2020,Suriname,2002,2507,71.96,142.27,21,48
2021,Suriname,2003,2916,47.04,198.95999999999998,19,58
2022,Suriname,2004,3360,59.28,142.82,18,49
2023,Suriname,2005,4009,45.69,165.48,12,60
2024,Suriname,2006,5794,69.43,228.83,28,84
2025,Suriname,2007,6397,102.59,253.54999999999998,32,87
2026,Suriname,2008,7601,91.08,325.74,34,113
2027,Suriname,2009,8238,85.85000000000001,283.86,32,99
2028,Suriname,2010,9176,138.06,287.24,42,94
2029,Suriname,2011,9184,68.26,285.05,32,95
2030,Suriname,2012,10227,76.03999999999999,378.07,33,100
2031,Suriname,2013,10451,73.62,213.18,34,97
2032,Suriname,2014,10530,88.62,268.72,36,92
2046,Sweden,2000,30896,41.81,120.69,329,802
2047,Sweden,2001,28429,45.8,121.69,364,833
2048,Sweden,2002,31175,40.89,121.82000000000001,318,862
2049,Sweden,2003,38997,45.31,108.10000000000001,336,776
2050,Sweden,2004,44831,40.78,116.63,321,834
2051,Sweden,2005,45563,47.76,116.86,384,835
2052,Sweden,2006,48977,48.09,112.67,380,817
2053,Sweden,2007,56531,38.66,108.73,325,801
2054,Sweden,2008,59155,40.42,115.26,315,855
2055,Sweden,2009,49070,42.07,118.33,354,888
2056,Sweden,2010,55352,36.05,110.49,303,838
2057,Sweden,2011,63380,39.72,102.05,323,789
2058,Sweden,2012,60776,39.07,109.03999999999999,335,819
2059,Sweden,2013,64133,45.17,113.03,368,862
2060,Sweden,2014,62956,42.93,106.12,363,785
2061,Sweden,2015,54629,40.3,109.0,331,851
2062,Sweden,2016,55594,41.019999999999996,97.82000000000001,348,782
2068,Switzerland,2000,39952,66.98,199.22,399,981
2069,Switzerland,2001,40582,66.32000000000001,195.37,393,945
2070,Switzerland,2002,43419,77.11,196.59,466,980
2071,Switzerland,2003,50639,72.74,169.92,421,848
2072,Switzerland,2004,56123,71.28,170.99,427,857
2073,Switzerland,2005,57790,65.67,180.52,400,899
2074,Switzerland,2006,60536,72.31,169.32,446,863
2075,Switzerland,2007,66807,74.25,181.56,440,920
2076,Switzerland,2008,76202,73.43,164.08,453,861
2077,Switzerland,2009,73529,39.42,140.71,278,827
2078,Switzerland,2010,78474,38.72,121.8,282,724
2079,Switzerland,2011,93053,38.67,129.55,277,757
2080,Switzerland,2012,87951,38.27,127.12,286,752
2081,Switzerland,2013,89634,37.56,132.7,285,786
2082,Switzerland,2014,90809,37.83,124.27,276,756
2083,Switzerland,2015,86068,36.82,127.84,280,793
2096,Thailand,2000,2169,23.98,82.12,1149,4033
2097,Thailand,2002,2305,24.060000000000002,79.06,1190,3712
2098,Thailand,2003,2531,21.119999999999997,70.04,1059,3425
2099,Thailand,2004,2849,20.69,65.37,1043,3253
2100,Thailand,2005,3094,16.84,61.15,907,3030
2101,Thailand,2006,3598,13.55,55.49,756,2852
2102,Thailand,2007,4461,16.42,62.72,811,2943
2103,Thailand,2008,4921,17.57,60.61,872,2906
2104,Thailand,2009,4736,16.150000000000002,62.41,861,2926
2105,Thailand,2010,5707,16.39,64.11,848,2913
2106,Thailand,2011,6153,17.619999999999997,59.97,888,2985
2107,Thailand,2012,6584,17.66,63.03,930,3055
2108,Thailand,2013,6917,16.42,63.14,856,3105
2109,Thailand,2014,6662,16.63,60.33,878,3074
2110,Thailand,2015,6552,15.370000000000001,65.78,839,3366
2111,Thailand,2016,6713,15.34,61.98,842,3275
2127,Trinidad and Tobago,2000,6920,49.6,148.72,32,134
2128,Trinidad and Tobago,2001,7458,36.06,169.27,38,141
2129,Trinidad and Tobago,2002,7578,27.03,131.98,27,129
2130,Trinidad and Tobago,2003,9465,34.620000000000005,123.63,35,109
2131,Trinidad and Tobago,2004,11066,30.55,157.73,25,143
2132,Trinidad and Tobago,2005,13258,28.57,115.57000000000001,26,110
2133,Trinidad and Tobago,2006,15190,21.59,112.3,26,115
2134,Trinidad and Tobago,2007,17827,20.38,123.2,20,111
2135,Trinidad and Tobago,2008,22857,30.59,147.66,36,163
2136,Trinidad and Tobago,2009,15652,17.62,102.62,21,107
2137,Trinidad and Tobago,2010,18000,25.43,125.07000000000001,31,129
2138,Trinidad and Tobago,2011,20557,21.91,116.78,27,112
2139,Turkey,2009,9773,5.1899999999999995,16.099999999999998,249,801
2140,Turkey,2010,11525,7.68,24.01,376,1148
2141,Turkey,2011,12237,5.47,17.6,298,850
2142,Turkey,2012,12671,7.05,21.35,378,1072
2143,Turkey,2013,13603,8.65,26.77,463,1347
2144,Turkey,2014,13170,7.3500000000000005,23.48,408,1209
2145,Turkey,2015,11961,7.05,21.419999999999998,397,1135
2159,Turkmenistan,2000,721,30.58,81.55,76,307
2160,Turkmenistan,2001,863,20.23,113.23,78,367
2161,Turkmenistan,2002,1077,22.290000000000003,93.14,80,336
2162,Turkmenistan,2003,1431,25.13,81.89,82,295
2163,Turkmenistan,2004,1624,27.2,85.60000000000001,93,299
2164,Turkmenistan,2005,1906,24.55,109.64,94,374
2165,Turkmenistan,2006,2397,29.060000000000002,114.78,114,392
2166,Turkmenistan,2007,2916,23.12,73.57,85,269
2167,Turkmenistan,2008,4368,28.29,89.29,114,370
2168,Turkmenistan,2009,4508,8.47,34.07,40,125
2169,Turkmenistan,2010,4962,9.61,36.14,47,131
2170,Turkmenistan,2011,6319,8.5,23.13,39,91
2171,Turkmenistan,2012,7498,6.39,24.21,33,105
2172,Turkmenistan,2013,8255,5.63,17.66,28,73
2173,Turkmenistan,2014,9046,9.17,18.98,44,92
2174,Turkmenistan,2015,7326,9.95,18.53,41,92
2188,Ukraine,2000,663,63.589999999999996,313.6,2633,11834
2189,Ukraine,2001,812,53.36,294.78000000000003,2192,10939
2190,Ukraine,2002,920,51.919999999999995,292.13,2169,10367
2191,Ukraine,2003,1097,51.73,285.34,2150,10163
2192,Ukraine,2004,1432,45.77,261.28,1865,9391
2193,Ukraine,2005,1917,43.120000000000005,254.06,1761,8860
2194,Ukraine,2006,2418,41.339999999999996,241.45,1713,8300
2195,Ukraine,2007,3229,40.39,240.73,1629,8403
2196,Ukraine,2008,4104,42.16,232.34,1675,7779
2197,Ukraine,2009,2691,42.940000000000005,236.32,1724,7991
2198,Ukraine,2010,3141,40.29,222.78,1579,7510
2199,Ukraine,2011,3788,42.09,221.91,1664,7309
2200,Ukraine,2012,4096,43.09,225.38000000000002,1697,7361
2201,Ukraine,2014,3299,41.83,208.67000000000002,1556,6412
2202,Ukraine,2015,2256,38.08,206.64,1426,6148
2203,United Arab Emirates,2005,42196,5.28,10.77,16,80
2204,United Arab Emirates,2006,45110,8.44,8.11,14,76
2205,United Arab Emirates,2007,45285,7.46,8.53,13,88
2206,United Arab Emirates,2008,48457,4.09,7.77,18,82
2207,United Arab Emirates,2009,34960,3.61,8.120000000000001,15,109
2208,United Arab Emirates,2010,36964,5.93,16.78,22,89
2224,United Kingdom,2000,29358,19.0,68.33,979,3311
2225,United Kingdom,2001,29179,17.63,67.51,929,3199
2226,United Kingdom,2002,31630,18.720000000000002,63.99,953,3164
2227,United Kingdom,2003,36289,17.66,62.49,929,3050
2228,United Kingdom,2004,42486,19.1,63.62,1021,3162
2229,United Kingdom,2005,44372,18.400000000000002,60.76,993,3054
2230,United Kingdom,2006,47163,16.85,61.32,936,3186
2231,United Kingdom,2007,53576,15.76,59.160000000000004,872,3025
2232,United Kingdom,2008,50111,17.259999999999998,63.45,959,3300
2233,United Kingdom,2009,41074,16.81,61.19,933,3313
2234,United Kingdom,2010,41798,17.15,60.26,963,3225
2235,United Kingdom,2011,44491,16.51,61.78,960,3433
2236,United Kingdom,2012,44585,16.15,63.32,932,3512
2237,United Kingdom,2013,45594,16.88,68.04,993,3831
2238,United Kingdom,2014,49906,17.99,65.94,1071,3717
2239,United Kingdom,2015,47240,20.05,66.69,1178,3732
2255,United States,2000,39218,22.96,123.62,5732,23611
2256,United States,2001,40018,23.26,124.96000000000001,5949,24658
2257,United States,2002,40845,24.07,125.95,6246,25399
2258,United States,2003,42468,23.88,121.76,6281,25196
2259,United States,2004,44867,25.62,121.28,6873,25555
2260,United States,2005,47423,25.17,121.51,6729,25900
2261,United States,2006,49666,25.43,119.7,6992,26300
2262,United States,2007,51585,26.3,122.82000000000001,7329,27267
2263,United States,2008,52128,27.349999999999998,125.89,7583,28447
2264,United States,2009,50563,27.68,126.51,7821,29079
2265,United States,2010,51989,28.599999999999998,130.29,8087,30275
2266,United States,2011,53452,29.93,132.43,8512,30996
2267,United States,2012,55170,30.7,134.44,8819,31777
2268,United States,2013,56520,31.54,135.13,9094,32049
2269,United States,2014,58531,33.21,138.12,9659,33110
2270,United States,2015,60387,35.23,140.18,10199,33990
2284,Uruguay,2000,7483,36.25,238.02,94,461
2285,Uruguay,2001,6827,39.65,196.47,109,390
2286,Uruguay,2002,4439,54.44,277.25,141,534
2287,Uruguay,2003,3929,43.58,215.67000000000002,123,412
2288,Uruguay,2004,4463,41.17,217.32,108,412
2289,Uruguay,2005,5655,45.120000000000005,196.19,115,383
2290,Uruguay,2006,6362,46.82,201.29,136,392
2291,Uruguay,2007,7581,48.2,218.10999999999999,135,441
2292,Uruguay,2008,9793,40.92,193.61,112,411
2293,Uruguay,2009,10166,37.51,200.24,103,408
2294,Uruguay,2010,12882,45.0,212.43,126,421
2295,Uruguay,2012,16264,42.58,221.77,123,476
2296,Uruguay,2013,18179,46.42,202.67000000000002,123,423
2297,Uruguay,2014,18012,44.31,204.32999999999998,131,460
2298,Uruguay,2015,16696,46.99,223.03,131,499
2309,Uzbekistan,2000,632,31.64,88.67,464,1455
2310,Uzbekistan,2001,513,28.69,87.23,452,1462
2311,Uzbekistan,2002,428,24.2,71.08,399,1177
2312,Uzbekistan,2003,441,21.58,60.48,379,1037
2313,Uzbekistan,2004,516,17.12,50.92,308,943
2314,Uzbekistan,2005,606,15.58,52.23,300,921
2315,Uzbekistan,2009,1332,15.92,44.940000000000005,376,1023
2316,Uzbekistan,2010,1533,17.69,45.54,453,1011
2317,Uzbekistan,2011,1767,20.09,47.05,517,1123
2318,Uzbekistan,2012,1964,22.94,54.59,615,1220
2319,Uzbekistan,2013,2150,23.990000000000002,54.87,628,1322
2320,Uzbekistan,2014,2309,26.18,58.94,690,1405
